City_ID,City,Country,Date,Lat,Lng,Max Temp,Humidity,Cloudiness,Wind Speed,Current Description
0,Ushuaia,AR,2021-04-11 22:20:29,-54.8,-68.3,50.0,53,75,18.41,broken clouds
1,Punta Arenas,CL,2021-04-11 22:17:34,-53.15,-70.9167,55.4,38,0,11.5,clear sky
2,Rikitea,PF,2021-04-11 22:20:30,-23.1203,-134.9692,78.3,74,7,8.19,light rain
3,Kundiawa,PG,2021-04-11 22:20:30,-6.0167,144.9667,63.72,95,100,1.92,overcast clouds
4,Bredasdorp,ZA,2021-04-11 22:20:30,-34.5322,20.0403,57.2,94,100,1.14,overcast clouds
5,Pirapora Do Bom Jesus,BR,2021-04-11 22:20:30,-23.3969,-47.0022,77.0,44,0,3.44,clear sky
6,Kysyl-Syr,RU,2021-04-11 22:20:31,63.8986,122.7617,-3.39,90,21,4.25,few clouds
7,Taboc,PH,2021-04-11 22:20:31,8.8783,124.7975,73.99,88,94,5.01,overcast clouds
8,Mar Del Plata,AR,2021-04-11 22:19:24,-38.0023,-57.5575,64.0,72,0,3.44,clear sky
9,Hobart,AU,2021-04-11 22:20:18,-42.8794,147.3294,50.0,76,75,10.36,broken clouds
10,Kapaa,US,2021-04-11 22:20:31,22.0752,-159.319,77.0,61,75,16.11,light rain
11,Ponta Do Sol,PT,2021-04-11 22:20:32,32.6667,-17.1,63.0,81,100,1.01,overcast clouds
12,Labuhan,ID,2021-04-11 22:20:32,-6.8844,112.2051,77.52,86,54,4.72,broken clouds
13,Lebu,CL,2021-04-11 22:17:15,-37.6167,-73.65,58.26,82,0,12.84,clear sky
14,Avera,US,2021-04-11 22:17:40,33.194,-82.5271,78.8,57,1,12.66,clear sky
15,Arraial Do Cabo,BR,2021-04-11 22:20:32,-22.9661,-42.0278,78.8,78,0,9.22,clear sky
16,Saint-Philippe,RE,2021-04-11 22:20:33,-21.3585,55.7679,77.0,73,0,4.61,clear sky
17,Avarua,CK,2021-04-11 22:20:33,-21.2078,-159.775,82.4,78,35,6.91,moderate rain
18,Neuquen,AR,2021-04-11 22:19:14,-38.9516,-68.0591,73.4,40,0,4.61,clear sky
19,Mataura,NZ,2021-04-11 22:20:33,-46.1927,168.8643,55.99,97,86,8.01,overcast clouds
20,Leningradskiy,RU,2021-04-11 22:20:33,69.3833,178.4167,-5.04,83,9,5.82,clear sky
21,Stonewall,CA,2021-04-11 22:20:34,50.1344,-97.3268,48.2,57,90,17.27,overcast clouds
22,Caravelas,BR,2021-04-11 22:20:34,-17.7125,-39.2481,75.11,81,13,5.08,few clouds
23,Butaritari,KI,2021-04-11 22:20:34,3.0707,172.7902,81.19,77,31,9.51,scattered clouds
24,Egvekinot,RU,2021-04-11 22:20:34,66.3167,-179.1667,-4.25,78,100,22.44,overcast clouds
25,Clyde River,CA,2021-04-11 22:17:01,70.4692,-68.5914,28.4,74,20,3.44,few clouds
26,Panambi,BR,2021-04-11 22:16:40,-28.2925,-53.5017,67.71,95,89,16.55,overcast clouds
27,Bambous Virieux,MU,2021-04-11 22:16:43,-20.3428,57.7575,78.01,94,75,6.91,broken clouds
28,Jamestown,US,2021-04-11 22:20:35,42.097,-79.2353,64.4,52,1,6.91,clear sky
29,Sakakah,SA,2021-04-11 22:20:35,29.9697,40.2064,59.0,25,0,3.44,clear sky
30,Busselton,AU,2021-04-11 22:20:35,-33.65,115.3333,61.0,99,100,12.97,light rain
31,Bluff,NZ,2021-04-11 22:20:36,-46.6,168.3333,55.99,97,31,8.01,scattered clouds
32,Faanui,PF,2021-04-11 22:18:07,-16.4833,-151.75,82.42,70,100,10.78,overcast clouds
33,Charcas,MX,2021-04-11 22:20:36,23.1333,-101.1167,84.25,3,46,13.62,scattered clouds
34,Hirara,JP,2021-04-11 22:20:36,24.8,125.2833,71.6,83,75,8.05,broken clouds
35,Lianran,CN,2021-04-11 22:20:37,24.9227,102.485,53.6,82,0,6.71,clear sky
36,Barrow,US,2021-04-11 22:16:02,71.2906,-156.7887,-11.2,77,1,5.75,clear sky
37,Sarkand,KZ,2021-04-11 22:20:37,45.41,79.9186,46.27,46,0,5.57,clear sky
38,Ust-Nera,RU,2021-04-11 22:19:57,64.5667,143.2,-9.08,97,100,6.73,overcast clouds
39,Dingle,PH,2021-04-11 22:20:37,10.9995,122.6711,74.89,87,99,5.26,overcast clouds
40,Narsaq,GL,2021-04-11 22:16:53,60.9167,-46.05,48.2,29,0,13.8,clear sky
41,Ribeira Grande,PT,2021-04-11 22:16:37,38.5167,-28.7,63.07,83,93,12.71,overcast clouds
42,Albany,US,2021-04-11 22:18:19,42.6001,-73.9662,61.0,74,100,10.65,light rain
43,Mogadishu,SO,2021-04-11 22:20:38,2.0371,45.3438,81.75,71,99,13.87,overcast clouds
44,Gladstone,AU,2021-04-11 22:20:38,-23.85,151.25,66.2,34,0,11.5,light rain
45,Severo-Kurilsk,RU,2021-04-11 22:20:38,50.6789,156.125,35.11,76,81,6.33,broken clouds
46,Oranjemund,NA,2021-04-11 22:20:39,-28.55,16.4333,63.05,74,0,4.05,clear sky
47,Cidreira,BR,2021-04-11 22:19:23,-30.1811,-50.2056,82.53,57,85,9.44,overcast clouds
48,Karratha,AU,2021-04-11 22:20:39,-20.7377,116.8463,82.27,78,59,6.31,broken clouds
49,Zaysan,KZ,2021-04-11 22:20:39,47.4667,84.8667,40.32,35,0,4.16,clear sky
50,Palmas Bellas,PA,2021-04-11 22:20:40,9.2319,-80.0867,86.0,67,46,4.0,scattered clouds
51,Guerrero Negro,MX,2021-04-11 22:20:40,27.9769,-114.0611,66.06,61,99,17.18,overcast clouds
52,Tiksi,RU,2021-04-11 22:16:38,71.6872,128.8694,6.58,68,100,7.87,overcast clouds
53,Hermanus,ZA,2021-04-11 22:20:40,-34.4187,19.2345,64.99,83,100,4.0,overcast clouds
54,Altamira,BR,2021-04-11 22:20:40,-3.2033,-52.2064,80.6,89,40,2.3,moderate rain
55,Leshukonskoye,RU,2021-04-11 22:20:41,64.8989,45.7622,34.72,76,16,14.81,few clouds
56,Sparti,GR,2021-04-11 22:20:41,37.0733,22.4297,54.0,87,0,3.44,clear sky
57,Kodiak,US,2021-04-11 22:20:41,57.79,-152.4072,39.2,87,90,17.27,moderate rain
58,Cape Town,ZA,2021-04-11 22:20:41,-33.9258,18.4232,64.99,94,0,12.66,clear sky
59,Los Llanos De Aridane,ES,2021-04-11 22:20:42,28.6585,-17.9182,68.0,73,0,3.8,clear sky
60,Rudnogorsk,RU,2021-04-11 22:20:42,57.2639,103.7519,22.84,96,100,4.72,light snow
61,Whitianga,NZ,2021-04-11 22:20:42,-36.8333,175.7,73.0,92,97,3.85,overcast clouds
62,New Norfolk,AU,2021-04-11 22:16:58,-42.7826,147.0587,48.99,81,100,1.92,overcast clouds
63,Key West,US,2021-04-11 22:20:43,24.5557,-81.7826,84.2,70,40,5.75,scattered clouds
64,Sao Joao Da Barra,BR,2021-04-11 22:20:43,-21.6403,-41.0511,78.8,69,0,6.91,clear sky
65,Charters Towers,AU,2021-04-11 22:20:43,-20.1,146.2667,70.5,44,1,17.52,clear sky
66,Tuktoyaktuk,CA,2021-04-11 22:20:44,69.4541,-133.0374,-5.8,71,1,9.22,clear sky
67,Akyab,MM,2021-04-11 22:20:44,20.15,92.9,78.12,86,13,5.66,few clouds
68,Yellowknife,CA,2021-04-11 22:20:44,62.456,-114.3525,10.0,66,90,5.75,light snow
69,Teahupoo,PF,2021-04-11 22:20:44,-17.8333,-149.2667,86.0,66,75,14.97,broken clouds
70,Makasar,ID,2021-04-11 22:17:07,-5.14,119.4221,69.8,100,20,3.44,few clouds
71,Salalah,OM,2021-04-11 22:20:45,17.0151,54.0924,80.6,74,20,2.3,few clouds
72,Sturgeon Falls,CA,2021-04-11 22:20:45,46.3646,-79.9326,66.2,45,90,14.97,overcast clouds
73,Luderitz,NA,2021-04-11 22:20:45,-26.6481,15.1594,72.41,49,0,5.91,clear sky
74,Port Lincoln,AU,2021-04-11 22:16:59,-34.7333,135.8667,60.42,62,100,15.61,overcast clouds
75,Port Elizabeth,ZA,2021-04-11 22:20:46,-33.918,25.5701,60.8,100,40,3.44,scattered clouds
76,Plettenberg Bay,ZA,2021-04-11 22:20:46,-34.0527,23.3716,61.86,85,81,3.69,broken clouds
77,Dumlan,PH,2021-04-11 22:20:46,7.4275,125.8819,75.2,100,75,3.44,broken clouds
78,Port Alfred,ZA,2021-04-11 22:17:09,-33.5906,26.891,66.16,91,83,3.69,broken clouds
79,Manokwari,ID,2021-04-11 22:20:46,-0.8667,134.0833,78.06,78,95,3.94,overcast clouds
80,Okuchi,JP,2021-04-11 22:20:47,32.0667,130.6167,59.0,88,75,11.5,broken clouds
81,Khatanga,RU,2021-04-11 22:20:47,71.9667,102.5,16.11,84,98,11.25,overcast clouds
82,Atuona,PF,2021-04-11 22:15:54,-9.8,-139.0333,80.56,78,17,17.67,few clouds
83,Chuy,UY,2021-04-11 22:20:47,-33.6971,-53.4616,63.84,78,95,18.9,overcast clouds
84,Necochea,AR,2021-04-11 22:20:48,-38.5473,-58.7368,60.01,88,0,3.0,clear sky
85,Upington,ZA,2021-04-11 22:20:48,-28.4478,21.2561,69.8,40,0,2.3,clear sky
86,Peringat,MY,2021-04-11 22:20:48,6.0333,102.2833,77.0,94,40,2.3,scattered clouds
87,Kabalo,CD,2021-04-11 22:20:48,-6.05,26.9167,68.81,94,31,0.92,scattered clouds
88,Menongue,AO,2021-04-11 22:20:49,-14.6585,17.691,60.37,68,8,3.33,clear sky
89,Wad Madani,SD,2021-04-11 22:20:49,14.4012,33.5199,85.39,9,0,18.19,clear sky
90,Harper,LR,2021-04-11 22:20:49,4.375,-7.7169,81.27,81,59,8.19,broken clouds
91,Tocopilla,CL,2021-04-11 22:20:49,-22.092,-70.1979,69.37,70,27,8.23,scattered clouds
92,Luanda,AO,2021-04-11 22:19:49,-8.8368,13.2343,80.6,89,40,4.61,light rain
93,Makakilo City,US,2021-04-11 22:18:04,21.3469,-158.0858,69.8,73,90,4.61,heavy intensity rain
94,Longyearbyen,SJ,2021-04-11 22:20:50,78.2186,15.6401,19.4,63,75,16.11,broken clouds
95,Ust-Tsilma,RU,2021-04-11 22:20:50,65.441,52.1498,34.05,72,28,12.75,scattered clouds
96,Lorengau,PG,2021-04-11 22:20:50,-2.0226,147.2712,77.9,89,100,15.84,heavy intensity rain
97,Teguise,ES,2021-04-11 22:20:51,29.0605,-13.564,68.0,77,20,8.05,few clouds
98,Henties Bay,NA,2021-04-11 22:20:51,-22.116,14.2845,84.99,28,1,1.01,clear sky
99,Fonte Boa,BR,2021-04-11 22:20:51,-2.4959,-66.2662,77.4,88,100,0.98,overcast clouds
100,Cerro Largo,BR,2021-04-11 22:20:51,-28.1486,-54.7381,64.99,94,99,1.01,overcast clouds
101,Rawah,IQ,2021-04-11 22:20:52,34.4816,41.9093,58.91,31,0,7.7,clear sky
102,Corn Island,NI,2021-04-11 22:20:52,12.1694,-83.0418,81.72,78,66,10.69,broken clouds
103,Torbay,CA,2021-04-11 22:20:52,47.6666,-52.7314,33.01,100,90,12.66,fog
104,Fairbanks,US,2021-04-11 22:20:52,64.8378,-147.7164,30.0,37,90,11.5,overcast clouds
105,Dunedin,NZ,2021-04-11 22:20:53,-45.8742,170.5036,59.0,80,52,5.59,broken clouds
106,Port-Gentil,GA,2021-04-11 22:20:53,-0.7193,8.7815,77.0,94,20,2.3,few clouds
107,Nikolskoye,RU,2021-04-11 22:20:53,59.7035,30.7861,43.0,56,0,4.47,light rain
108,Taoudenni,ML,2021-04-11 22:20:54,22.6783,-3.9836,87.93,13,0,7.76,clear sky
109,Nanortalik,GL,2021-04-11 22:20:54,60.1432,-45.2371,36.19,63,0,5.14,clear sky
110,Montrose,US,2021-04-11 22:20:54,38.4166,-108.2673,68.0,10,1,8.01,clear sky
111,Vaini,TO,2021-04-11 22:20:54,-21.2,-175.2,80.6,69,20,5.75,few clouds
112,Cooma,AU,2021-04-11 22:20:55,-36.2333,149.1333,41.0,65,75,14.97,broken clouds
113,Pevek,RU,2021-04-11 22:20:55,69.7008,170.3133,-15.29,100,100,5.28,overcast clouds
114,Sylvania,US,2021-04-11 22:20:55,41.7189,-83.713,55.4,87,90,6.91,overcast clouds
115,Iquique,CL,2021-04-11 22:16:23,-20.2208,-70.1431,68.0,68,0,12.66,clear sky
116,Dongying,CN,2021-04-11 22:20:55,37.4564,118.4856,52.2,88,100,8.23,moderate rain
117,Cherskiy,RU,2021-04-11 22:20:56,68.75,161.3,-14.69,95,98,4.21,overcast clouds
118,Ilulissat,GL,2021-04-11 22:20:56,69.2167,-51.1,30.2,69,75,4.61,light snow
119,Kamenka,RU,2021-04-11 22:20:56,51.3223,42.7678,41.0,93,100,9.33,overcast clouds
120,Porto Walter,BR,2021-04-11 22:20:57,-8.2686,-72.7439,78.13,92,67,0.4,broken clouds
121,Havre,FR,2021-04-11 22:20:57,49.5833,0.3333,42.8,70,20,11.5,few clouds
122,Pingdu,CN,2021-04-11 22:20:57,36.7844,119.9464,53.6,87,90,8.95,light rain
123,Georgetown,MY,2021-04-11 22:20:57,5.4112,100.3354,81.0,94,40,2.3,scattered clouds
124,Bathsheba,BB,2021-04-11 22:19:39,13.2167,-59.5167,78.8,69,75,13.8,volcanic ash
125,Brae,GB,2021-04-11 22:16:43,60.3964,-1.353,35.6,75,63,9.22,broken clouds
126,Ilo,PE,2021-04-11 22:20:58,-17.6394,-71.3375,68.76,75,51,7.99,broken clouds
127,Saskylakh,RU,2021-04-11 22:16:35,71.9167,114.0833,14.94,93,89,8.72,overcast clouds
128,East London,ZA,2021-04-11 22:16:45,-33.0153,27.9116,70.84,85,100,3.13,overcast clouds
129,Dikson,RU,2021-04-11 22:20:58,73.5069,80.5464,30.24,92,100,23.73,overcast clouds
130,Stokmarknes,NO,2021-04-11 22:20:58,68.5646,14.9108,36.0,76,100,5.01,light snow
131,Tasiilaq,GL,2021-04-11 22:20:59,65.6145,-37.6368,26.6,68,0,5.59,clear sky
132,Macia,MZ,2021-04-11 22:20:59,-25.0269,33.0989,67.03,94,0,5.19,clear sky
133,Grindavik,IS,2021-04-11 22:20:59,63.8424,-22.4338,37.4,87,75,16.11,light rain
134,Bandarbeyla,SO,2021-04-11 22:20:59,9.4942,50.8122,78.69,72,9,6.78,clear sky
135,Evensk,RU,2021-04-11 22:21:00,61.95,159.2333,3.0,73,16,9.46,few clouds
136,Castro,BR,2021-04-11 22:21:00,-24.7911,-50.0119,65.25,71,11,4.74,few clouds
137,Natal,BR,2021-04-11 22:21:00,-5.795,-35.2094,80.6,83,75,9.22,broken clouds
138,Nome,US,2021-04-11 22:16:36,64.5011,-165.4064,25.0,86,90,27.63,snow
139,Esperance,AU,2021-04-11 22:21:01,-33.8667,121.9,60.8,72,40,21.85,light rain
140,Bemidji,US,2021-04-11 22:17:24,47.4736,-94.8803,50.0,71,90,9.22,overcast clouds
141,Sisimiut,GL,2021-04-11 22:19:18,66.9395,-53.6735,31.03,72,80,10.78,broken clouds
142,Lagoa,PT,2021-04-11 22:21:01,39.05,-27.9833,61.99,84,100,7.94,overcast clouds
143,Coquimbo,CL,2021-04-11 22:21:02,-29.9533,-71.3436,59.0,82,0,12.66,clear sky
144,Kawalu,ID,2021-04-11 22:21:02,-7.3817,108.2082,72.03,97,80,0.78,broken clouds
145,Mabaruma,GY,2021-04-11 22:21:02,8.2,-59.7833,76.26,92,100,3.58,overcast clouds
146,Moree,AU,2021-04-11 22:21:02,-29.4667,149.85,50.0,57,0,5.75,clear sky
147,Padang,ID,2021-04-11 22:21:03,-0.9492,100.3543,75.2,100,90,2.3,overcast clouds
148,Cabcaben,PH,2021-04-11 22:21:03,14.454,120.5914,79.0,78,40,4.61,scattered clouds
149,Parabel,RU,2021-04-11 22:21:03,58.6978,81.4825,35.56,86,100,13.69,overcast clouds
150,Geraldton,AU,2021-04-11 22:21:04,-28.7667,114.6,73.4,88,75,19.57,broken clouds
151,Acarau,BR,2021-04-11 22:21:04,-2.8856,-40.12,79.57,82,100,11.41,overcast clouds
152,Sao Felix Do Xingu,BR,2021-04-11 22:21:04,-6.6447,-51.995,75.33,88,99,2.17,overcast clouds
153,Laguna,US,2021-04-11 22:20:57,38.421,-121.4238,82.99,14,1,4.61,clear sky
154,Provideniya,RU,2021-04-11 22:21:04,64.3833,-173.3,11.62,84,100,29.24,light snow
155,Bethel,US,2021-04-11 22:21:05,41.3712,-73.414,55.4,82,90,6.91,light rain
156,Iqaluit,CA,2021-04-11 22:18:23,63.7506,-68.5145,30.2,93,90,17.27,overcast clouds
157,Tymovskoye,RU,2021-04-11 22:21:05,50.8456,142.655,37.11,90,100,1.92,overcast clouds
158,San Cristobal,VE,2021-04-11 22:21:05,7.7669,-72.225,87.8,58,40,9.22,scattered clouds
159,Dubai,AE,2021-04-11 22:21:06,25.2582,55.3047,87.8,29,0,4.61,clear sky
160,Thompson,CA,2021-04-11 22:21:06,55.7435,-97.8558,26.6,68,90,12.66,overcast clouds
161,Melilla,ES,2021-04-11 22:21:06,35.2937,-2.9383,64.4,63,0,8.05,clear sky
162,Te Anau,NZ,2021-04-11 22:21:06,-45.4167,167.7167,52.83,89,81,1.23,broken clouds
163,Goure,NE,2021-04-11 22:21:07,13.9835,10.2704,83.62,7,79,8.55,broken clouds
164,Santa Cruz Del Sur,CU,2021-04-11 22:21:07,20.7147,-77.9956,82.26,70,53,12.86,broken clouds
165,Nisia Floresta,BR,2021-04-11 22:21:07,-6.0911,-35.2086,80.6,83,75,9.22,broken clouds
166,Mount Gambier,AU,2021-04-11 22:21:07,-37.8333,140.7667,51.8,87,90,3.42,overcast clouds
167,Clovis,US,2021-04-11 22:21:08,36.8252,-119.7029,80.01,29,75,8.05,broken clouds
168,Zilina,SK,2021-04-11 22:21:08,49.1667,19.1667,52.0,100,100,4.65,overcast clouds
169,Ocos,GT,2021-04-11 22:21:08,14.5094,-92.1933,91.4,58,1,12.66,clear sky
170,Verkhnevilyuysk,RU,2021-04-11 22:21:09,63.4453,120.3167,-2.06,99,81,4.99,broken clouds
171,Fortuna,US,2021-04-11 22:21:09,40.5982,-124.1573,60.01,66,1,16.11,clear sky
172,Buraydah,SA,2021-04-11 22:21:09,26.326,43.975,68.0,37,0,12.66,clear sky
173,Ust-Ishim,RU,2021-04-11 22:21:10,57.6935,71.1665,36.18,81,98,8.9,overcast clouds
174,Trofors,NO,2021-04-11 22:21:10,65.5333,13.4063,32.0,93,75,1.14,broken clouds
175,Ankang,CN,2021-04-11 22:21:10,32.68,109.0172,51.31,92,97,1.83,overcast clouds
176,Waingapu,ID,2021-04-11 22:21:10,-9.6567,120.2641,75.69,83,62,4.85,broken clouds
177,Tautira,PF,2021-04-11 22:21:11,-17.7333,-149.15,86.0,66,75,14.97,broken clouds
178,Bossier City,US,2021-04-11 22:21:11,32.516,-93.7321,82.4,28,1,4.05,clear sky
179,Sinnamary,GF,2021-04-11 22:17:24,5.3833,-52.95,78.42,83,58,4.59,broken clouds
180,Hovd,MN,2021-04-11 22:21:11,48.0056,91.6419,28.85,31,0,5.17,clear sky
181,Saint-Francois,FR,2021-04-11 22:21:11,46.4154,3.9054,39.99,93,75,8.05,broken clouds
182,Lompoc,US,2021-04-11 22:21:12,34.6391,-120.4579,62.6,55,83,14.97,broken clouds
183,Gualaquiza,EC,2021-04-11 22:21:12,-3.4,-78.55,65.03,97,99,1.19,light rain
184,Abu Samrah,SY,2021-04-11 22:21:12,35.3029,37.1841,45.3,79,6,5.91,clear sky
185,Batticaloa,LK,2021-04-11 22:19:02,7.7102,81.6924,78.8,82,97,4.97,overcast clouds
186,Dabhol,IN,2021-04-11 22:21:13,17.6,73.1667,78.98,60,32,5.39,scattered clouds
187,Souillac,MU,2021-04-11 22:17:07,-20.5167,57.5167,77.0,94,75,6.91,broken clouds
188,Maun,BW,2021-04-11 22:21:13,-19.9833,23.4167,68.0,56,0,4.61,clear sky
189,Saint-Georges,GD,2021-04-11 22:21:13,12.0564,-61.7485,82.4,74,20,9.22,few clouds
190,Puerto Carreno,CO,2021-04-11 22:21:14,6.189,-67.4859,77.18,90,100,8.12,moderate rain
191,Mahebourg,MU,2021-04-11 22:16:19,-20.4081,57.7,77.0,94,75,6.91,broken clouds
192,Airai,TL,2021-04-11 22:21:14,-8.9266,125.4092,58.5,87,23,2.08,few clouds
193,Hilo,US,2021-04-11 22:18:44,19.7297,-155.09,80.6,44,1,11.5,clear sky
194,Bilma,NE,2021-04-11 22:21:14,18.6853,12.9164,84.06,8,12,9.95,few clouds
195,Poronaysk,RU,2021-04-11 22:21:14,49.2167,143.1167,38.97,83,100,3.65,overcast clouds
196,Saldanha,ZA,2021-04-11 22:21:15,-33.0117,17.9442,60.8,82,100,5.75,overcast clouds
197,Tarakan,ID,2021-04-11 22:21:15,3.3,117.6333,75.2,94,75,10.36,moderate rain
198,Loei,TH,2021-04-11 22:21:15,17.4167,101.5,82.99,89,39,1.61,scattered clouds
199,Point Pedro,LK,2021-04-11 22:21:16,9.8167,80.2333,81.68,76,78,8.9,broken clouds
200,Krasnoselkup,RU,2021-04-11 22:21:16,65.7,82.4667,31.68,97,100,20.74,snow
201,Vestmannaeyjar,IS,2021-04-11 22:21:16,63.4427,-20.2734,40.87,86,100,16.93,overcast clouds
202,Harrismith,ZA,2021-04-11 22:21:16,-28.2728,29.1295,57.78,50,3,1.45,clear sky
203,Moerai,PF,2021-04-11 22:21:17,-22.4333,-151.3333,79.95,73,96,14.41,overcast clouds
204,Kahului,US,2021-04-11 22:21:17,20.8947,-156.47,75.2,78,40,11.5,light rain
205,Norman Wells,CA,2021-04-11 22:21:17,65.282,-126.8329,6.8,40,1,10.36,clear sky
206,Chokurdakh,RU,2021-04-11 22:21:18,70.6333,147.9167,-9.63,94,50,10.47,scattered clouds
207,Chapais,CA,2021-04-11 22:17:43,49.7834,-74.8492,55.4,35,1,11.5,clear sky
208,Yurgamysh,RU,2021-04-11 22:21:18,55.3714,64.4656,34.97,89,57,8.97,broken clouds
209,Broken Hill,AU,2021-04-11 22:17:52,-31.95,141.4333,46.4,61,15,2.3,few clouds
210,Kalmar,SE,2021-04-11 22:21:18,56.6616,16.3616,37.99,100,100,3.44,overcast clouds
211,Sioux Lookout,CA,2021-04-11 22:21:19,50.1001,-91.917,37.4,93,90,9.22,mist
212,Hualmay,PE,2021-04-11 22:21:19,-11.0964,-77.6139,70.83,80,95,8.01,overcast clouds
213,Puerto Ayora,EC,2021-04-11 22:21:19,-0.7393,-90.3518,80.6,78,40,9.22,scattered clouds
214,Nhulunbuy,AU,2021-04-11 22:21:19,-12.2333,136.7667,78.8,89,57,4.18,broken clouds
215,Baghdad,IQ,2021-04-11 22:21:20,33.3406,44.4009,59.0,44,0,5.75,clear sky
216,Mandiana,GN,2021-04-11 22:21:20,10.6333,-8.6833,89.73,28,59,3.89,broken clouds
217,Qaanaaq,GL,2021-04-11 22:21:20,77.484,-69.3632,23.13,93,100,11.88,snow
218,Talnakh,RU,2021-04-11 22:21:21,69.4865,88.3972,23.52,94,100,13.27,overcast clouds
219,Joensuu,FI,2021-04-11 22:21:21,62.6012,29.7632,30.2,74,0,2.3,clear sky
220,Sur,OM,2021-04-11 22:21:21,22.5667,59.5289,81.03,64,0,9.95,clear sky
221,Coolum Beach,AU,2021-04-11 22:21:21,-26.5333,153.1,66.99,61,4,1.99,clear sky
222,Marystown,CA,2021-04-11 22:21:22,47.1666,-55.1483,34.9,90,96,10.02,overcast clouds
223,Zyryanka,RU,2021-04-11 22:21:22,65.75,150.85,-13.68,98,100,2.21,overcast clouds
224,Odweyne,SO,2021-04-11 22:21:22,9.4092,45.064,74.32,34,11,6.04,few clouds
225,Jalgaon,IN,2021-04-11 22:21:10,21.0167,75.5667,88.72,20,80,5.66,broken clouds
226,Inhambane,MZ,2021-04-11 22:21:23,-23.865,35.3833,72.81,82,0,7.31,clear sky
227,Upernavik,GL,2021-04-11 22:21:23,72.7868,-56.1549,31.05,73,100,20.83,overcast clouds
228,Kijini,TZ,2021-04-11 22:21:23,-5.85,39.3167,80.6,89,40,11.5,moderate rain
229,Pitimbu,BR,2021-04-11 22:21:24,-7.4706,-34.8086,75.2,100,75,8.05,light rain
230,Bongandanga,CD,2021-04-11 22:21:24,1.5,21.05,70.0,89,98,2.24,overcast clouds
231,Gat,IL,2021-04-11 22:18:15,31.61,34.7642,55.0,71,1,5.37,clear sky
232,Sorland,NO,2021-04-11 22:21:24,67.667,12.6934,37.67,62,100,14.29,overcast clouds
233,Eyl,SO,2021-04-11 22:21:24,7.9803,49.8164,78.94,70,30,8.37,scattered clouds
234,Terney,RU,2021-04-11 22:21:25,45.0503,136.6092,46.4,68,50,5.23,scattered clouds
235,Olinda,BR,2021-04-11 22:21:25,-8.0089,-34.8553,73.4,88,90,2.3,moderate rain
236,Sitka,US,2021-04-11 22:21:25,57.0531,-135.33,39.2,75,90,3.44,light snow
237,Najran,SA,2021-04-11 22:21:26,17.4924,44.1277,77.0,18,20,5.35,few clouds
238,Arkhangelskoye,RU,2021-04-11 22:21:26,55.8549,35.3287,43.2,77,2,5.28,clear sky
239,Nanakuli,US,2021-04-11 22:21:26,21.3906,-158.1547,69.8,73,90,4.61,light rain
240,Zhanaozen,KZ,2021-04-11 22:21:26,43.3,52.8,58.66,45,17,22.01,few clouds
241,Aklavik,CA,2021-04-11 22:21:27,68.2191,-135.0107,10.4,34,15,5.75,few clouds
242,Athenry,IE,2021-04-11 22:21:27,53.2964,-8.7431,42.8,87,75,8.05,broken clouds
243,Chara,RU,2021-04-11 22:21:27,56.9064,118.2631,0.18,77,100,2.01,overcast clouds
244,Kropotkin,RU,2021-04-11 22:21:27,45.4375,40.5756,48.0,81,100,3.78,overcast clouds
245,Hay River,CA,2021-04-11 22:21:28,60.8156,-115.7999,10.4,72,100,10.36,overcast clouds
246,Inirida,CO,2021-04-11 22:21:28,3.8653,-67.9239,78.69,92,100,0.96,overcast clouds
247,Gloversville,US,2021-04-11 22:21:28,43.0528,-74.3438,60.8,72,90,10.36,light rain
248,Ambilobe,MG,2021-04-11 22:21:28,-13.2,49.05,73.27,92,95,2.44,overcast clouds
249,Pisco,PE,2021-04-11 22:21:29,-13.7,-76.2167,73.4,64,0,21.85,clear sky
250,Kaitangata,NZ,2021-04-11 22:21:29,-46.2817,169.8464,55.24,91,38,4.74,scattered clouds
251,San Andres,CO,2021-04-11 22:17:46,12.5847,-81.7006,84.2,79,20,9.22,few clouds
252,San Patricio,US,2021-04-11 22:21:29,28.017,-97.5169,86.0,48,1,12.66,clear sky
253,Boda,CF,2021-04-11 22:21:30,4.3189,17.4695,72.45,90,94,4.74,overcast clouds
254,Zverinogolovskoye,RU,2021-04-11 22:21:13,54.4586,64.8542,31.55,83,16,8.12,few clouds
255,Cayenne,GF,2021-04-11 22:21:30,4.9333,-52.3333,81.0,89,0,2.3,clear sky
256,Honningsvag,NO,2021-04-11 22:21:30,70.9821,25.9704,35.44,65,83,31.5,broken clouds
257,Chino Valley,US,2021-04-11 22:21:31,34.7575,-112.4538,78.01,9,1,12.66,clear sky
258,Zinder,NE,2021-04-11 22:21:31,13.8072,8.9881,84.25,7,60,11.07,broken clouds
259,Naze,JP,2021-04-11 22:21:31,28.3667,129.4833,69.8,73,20,17.27,few clouds
260,Pires Do Rio,BR,2021-04-11 22:21:31,-17.2997,-48.2794,69.49,67,0,2.93,clear sky
261,Turayf,SA,2021-04-11 22:21:11,31.6725,38.6637,48.2,71,0,6.91,clear sky
262,Banda Aceh,ID,2021-04-11 22:21:32,5.5577,95.3222,79.2,80,4,2.62,clear sky
263,Coihaique,CL,2021-04-11 22:21:32,-45.5752,-72.0662,60.8,55,75,12.66,light rain
264,Lopsmarka,NO,2021-04-11 22:21:32,67.3134,14.4493,35.6,80,75,17.27,light snow
265,Orlik,RU,2021-04-11 22:21:33,52.5178,99.825,11.8,78,97,3.27,overcast clouds
266,Anadyr,RU,2021-04-11 22:21:33,64.75,177.4833,0.0,78,20,17.9,snow
267,Karpogory,RU,2021-04-11 22:21:33,64.0019,44.4451,35.01,76,8,13.31,clear sky
268,Namatanai,PG,2021-04-11 22:21:33,-3.6667,152.4333,78.96,83,100,6.24,light rain
269,Zhigansk,RU,2021-04-11 22:21:34,66.7697,123.3711,-2.34,97,35,11.92,scattered clouds
270,Medicine Hat,CA,2021-04-11 22:17:11,50.0501,-110.6683,39.99,48,90,12.66,overcast clouds
271,Stutterheim,ZA,2021-04-11 22:21:34,-32.5708,27.424,63.23,94,100,1.5,overcast clouds
272,Katsuura,JP,2021-04-11 22:21:34,35.1333,140.3,55.0,66,24,1.01,few clouds
273,Havelock,US,2021-04-11 22:21:34,34.8791,-76.9013,68.0,83,100,8.01,overcast clouds
274,The Pas,CA,2021-04-11 22:21:35,53.8251,-101.2541,32.0,74,90,6.91,light snow
275,Santa Isabel Do Rio Negro,BR,2021-04-11 22:21:35,-0.4139,-65.0192,74.5,96,100,2.95,light rain
276,Yei,SS,2021-04-11 22:21:35,4.095,30.6779,67.44,86,100,3.13,light rain
277,Eganville,CA,2021-04-11 22:21:36,45.5334,-77.0994,62.6,55,1,10.51,clear sky
278,Bengkulu,ID,2021-04-11 22:21:18,-3.8004,102.2655,75.34,90,100,4.21,overcast clouds
279,Nizhnyaya Poyma,RU,2021-04-11 22:21:17,56.1622,97.1933,31.26,96,100,9.66,light snow
280,Santa Cruz,BO,2021-04-11 22:21:36,-17.8,-63.1667,69.8,83,75,19.57,broken clouds
281,Coffs Harbour,AU,2021-04-11 22:21:36,-30.3,153.1333,60.8,41,0,8.05,clear sky
282,Kisangani,CD,2021-04-11 22:21:37,0.5167,25.2,68.54,98,100,1.5,overcast clouds
283,Abilene,US,2021-04-11 22:21:37,32.4487,-99.7331,93.99,7,1,17.27,clear sky
284,Zalantun,CN,2021-04-11 22:21:37,48.0,122.7167,27.63,94,100,24.07,heavy snow
285,Ancud,CL,2021-04-11 22:21:38,-41.8697,-73.8203,61.0,100,75,14.97,broken clouds
286,Grajau,BR,2021-04-11 22:21:38,-5.8194,-46.1386,75.76,84,97,3.15,overcast clouds
287,Kilindoni,TZ,2021-04-11 22:21:38,-7.9139,39.6668,81.39,79,100,16.84,moderate rain
288,Purpe,RU,2021-04-11 22:21:38,64.4803,76.6897,33.58,95,100,19.37,overcast clouds
289,Comodoro Rivadavia,AR,2021-04-11 22:17:41,-45.8667,-67.5,73.4,46,75,10.36,broken clouds
290,Roma,US,2021-04-11 22:21:39,43.2128,-75.4557,66.2,45,90,10.36,overcast clouds
291,Kailua,US,2021-04-11 22:19:31,21.4022,-157.7394,75.2,60,40,13.8,scattered clouds
292,Samarai,PG,2021-04-11 22:21:39,-10.6167,150.6667,80.76,62,30,7.7,scattered clouds
293,Lufilufi,WS,2021-04-11 22:21:39,-13.8745,-171.5986,89.6,66,40,4.61,light rain
294,Awjilah,LY,2021-04-11 22:21:40,29.1081,21.2869,61.97,21,4,10.2,clear sky
295,Bambari,CF,2021-04-11 22:21:40,5.768,20.6757,76.35,72,53,7.45,broken clouds
296,Kangaatsiaq,GL,2021-04-11 22:21:40,68.3065,-53.4641,30.85,79,100,7.96,overcast clouds
297,Touros,BR,2021-04-11 22:21:41,-5.1989,-35.4608,78.8,89,75,6.91,broken clouds
298,Karacabey,TR,2021-04-11 22:21:41,40.2152,28.4038,39.2,93,0,0.89,clear sky
299,Coahuayana,MX,2021-04-11 22:21:41,18.7333,-103.6833,84.2,48,40,13.8,scattered clouds
300,Hofn,IS,2021-04-11 22:21:42,64.2539,-15.2082,38.01,92,100,14.32,overcast clouds
301,Esmeraldas,BR,2021-04-11 22:21:42,-19.7625,-44.3139,75.2,46,0,5.75,clear sky
302,Muros,ES,2021-04-11 22:18:00,42.7762,-9.0603,48.99,59,0,8.01,clear sky
303,Jacareacanga,BR,2021-04-11 22:21:42,-6.2222,-57.7528,76.51,93,78,1.32,broken clouds
304,Sabha,LY,2021-04-11 22:21:43,27.0377,14.4283,75.72,15,79,24.34,broken clouds
305,Loa Janan,ID,2021-04-11 22:21:43,-0.583,117.095,72.23,98,49,0.98,scattered clouds
306,Mugur-Aksy,RU,2021-04-11 22:19:16,50.35,90.5,16.56,48,57,3.83,broken clouds
307,Kiama,AU,2021-04-11 22:21:43,-34.6833,150.8667,57.0,52,17,4.0,few clouds
308,Shimoni,KE,2021-04-11 22:21:44,-4.6476,39.3817,78.93,83,72,11.34,light rain
309,Pangnirtung,CA,2021-04-11 22:21:44,66.1451,-65.7125,38.35,78,100,3.53,overcast clouds
310,Maragogi,BR,2021-04-11 22:21:44,-9.0122,-35.2225,77.11,87,100,9.48,moderate rain
311,Vinukonda,IN,2021-04-11 22:21:44,16.05,79.75,76.64,80,0,3.2,clear sky
312,Puerto Escondido,MX,2021-04-11 22:18:16,15.85,-97.0667,86.0,74,20,5.75,few clouds
313,Ewo,CG,2021-04-11 22:21:45,-0.8725,14.8206,73.74,92,100,4.25,overcast clouds
314,Verkhnetulomskiy,RU,2021-04-11 22:21:45,68.6073,31.7962,33.8,64,0,6.71,clear sky
315,Lethem,GY,2021-04-11 22:21:45,3.3803,-59.7968,84.2,74,40,9.22,scattered clouds
316,Wanning,CN,2021-04-11 22:21:45,18.8003,110.3967,73.22,85,79,3.47,broken clouds
317,Namibe,AO,2021-04-11 22:21:46,-15.1961,12.1522,79.77,69,65,4.54,broken clouds
318,Santa Fe,AR,2021-04-11 22:20:09,-31.6333,-60.7,66.0,73,92,6.49,overcast clouds
319,Collie,AU,2021-04-11 22:21:46,-33.3667,116.15,60.01,92,100,6.58,overcast clouds
320,Twin Falls,US,2021-04-11 22:21:24,42.3505,-114.6445,46.4,19,1,13.8,clear sky
321,Tazovskiy,RU,2021-04-11 22:21:46,67.4667,78.7,31.42,98,100,14.56,light snow
322,Manggar,ID,2021-04-11 22:21:47,-2.8833,108.2667,79.68,81,86,4.27,overcast clouds
323,Kaeo,NZ,2021-04-11 22:18:03,-35.1,173.7833,69.01,98,85,2.13,overcast clouds
324,Quatre Cocos,MU,2021-04-11 22:21:47,-20.2078,57.7625,78.01,94,75,6.91,light rain
325,Margate,GB,2021-04-11 22:21:47,51.3813,1.3862,37.99,71,92,4.72,overcast clouds
326,Mpongwe,ZM,2021-04-11 22:21:48,-13.5091,28.155,61.75,91,6,6.91,clear sky
327,Jalu,LY,2021-04-11 22:21:48,29.0331,21.5482,61.25,21,3,10.18,clear sky
328,La Ciotat,FR,2021-04-11 22:21:48,43.1748,5.6045,54.0,95,100,7.63,overcast clouds
329,Maningrida,AU,2021-04-11 22:21:48,-12.0667,134.2667,76.24,90,98,5.39,overcast clouds
330,Angola,AO,2021-04-11 22:21:49,-12.5,18.5,65.55,72,95,2.26,overcast clouds
331,Talisayan,PH,2021-04-11 22:21:49,6.9872,121.9272,75.2,94,75,5.91,broken clouds
332,Bilibino,RU,2021-04-11 22:21:49,68.0546,166.4372,-7.56,76,21,0.56,few clouds
333,San Ignacio,BZ,2021-04-11 22:21:49,17.1561,-89.0714,104.0,39,20,6.91,few clouds
334,Levelland,US,2021-04-11 22:21:31,33.5873,-102.378,87.01,5,40,13.8,scattered clouds
335,Kruisfontein,ZA,2021-04-11 22:21:50,-34.0033,24.7314,57.0,89,78,2.71,broken clouds
336,Okha,RU,2021-04-11 22:21:50,53.5739,142.9478,22.57,85,97,13.89,overcast clouds
337,Freeport,US,2021-04-11 22:17:32,40.6576,-73.5832,54.0,87,90,11.5,light rain
338,Payson,US,2021-04-11 22:21:50,40.0444,-111.7321,57.99,26,20,13.8,few clouds
339,Djambala,CG,2021-04-11 22:21:51,-2.5447,14.7533,67.69,92,59,2.89,broken clouds
340,Sala Consilina,IT,2021-04-11 22:21:51,40.3912,15.5989,51.01,78,100,1.99,overcast clouds
341,Yevlax,AZ,2021-04-11 22:21:51,40.6089,47.1492,48.2,93,75,3.44,broken clouds
342,Antofagasta,CL,2021-04-11 22:18:48,-23.65,-70.4,62.6,77,40,14.97,scattered clouds
343,Port Hawkesbury,CA,2021-04-11 22:21:52,45.6169,-61.3485,39.0,100,90,10.36,fog
344,Carnarvon,AU,2021-04-11 22:16:54,-24.8667,113.6333,78.8,83,90,12.66,overcast clouds
345,Romilly-Sur-Seine,FR,2021-04-11 22:21:52,48.5108,3.7263,39.2,87,0,4.61,clear sky
346,Asfi,MA,2021-04-11 22:21:52,32.2994,-9.2372,61.7,82,84,16.11,broken clouds
347,Las Vegas,US,2021-04-11 22:16:56,36.175,-115.1372,88.0,5,1,10.36,clear sky
348,Shimoda,JP,2021-04-11 22:21:52,34.6667,138.95,55.0,57,68,3.0,broken clouds
349,Asyut,EG,2021-04-11 22:17:10,27.181,31.1837,55.4,58,0,9.22,clear sky
350,Assomada,CV,2021-04-11 22:21:53,15.1,-23.6833,73.4,60,0,19.57,clear sky
351,Lucea,JM,2021-04-11 22:21:53,18.451,-78.1736,82.99,78,75,4.61,broken clouds
352,Diamantino,BR,2021-04-11 22:21:53,-14.4086,-56.4461,78.64,75,79,4.23,broken clouds
353,Singaparna,ID,2021-04-11 22:21:54,-7.3515,108.111,71.28,96,90,0.65,overcast clouds
354,Tilichiki,RU,2021-04-11 22:21:54,60.4667,166.1,11.08,67,59,19.08,broken clouds
355,Ibia,BR,2021-04-11 22:21:54,-19.4783,-46.5389,75.2,43,0,2.3,clear sky
356,Gdansk,PL,2021-04-11 22:21:54,54.3521,18.6464,53.6,54,0,8.05,clear sky
357,Marsh Harbour,BS,2021-04-11 22:21:55,26.5412,-77.0636,76.8,76,58,16.26,broken clouds
358,Ahipara,NZ,2021-04-11 22:21:55,-35.1667,173.1667,70.47,76,41,3.29,scattered clouds
359,Polunochnoye,RU,2021-04-11 22:21:55,60.8697,60.4153,32.97,93,64,4.68,broken clouds
360,Maumere,ID,2021-04-11 22:20:33,-8.6199,122.2111,77.86,84,40,4.14,scattered clouds
361,Koundara,GN,2021-04-11 22:21:56,12.4833,-13.3,92.14,18,8,2.01,clear sky
362,Ahuimanu,US,2021-04-11 22:21:56,21.4447,-157.8378,75.2,60,40,13.8,heavy intensity rain
363,Kununurra,AU,2021-04-11 22:21:56,-15.7667,128.7333,77.0,94,100,5.75,overcast clouds
364,Palafrugell,ES,2021-04-11 22:21:56,41.9174,3.1631,46.99,93,75,6.91,light rain
365,Luganville,VU,2021-04-11 22:21:57,-15.5333,167.1667,80.44,76,91,1.41,overcast clouds
366,Aksarka,RU,2021-04-11 22:21:57,66.5606,67.7975,30.79,85,78,16.33,broken clouds
367,Marabba,SD,2021-04-11 22:21:57,12.35,32.1833,86.67,10,2,20.09,clear sky
368,Hithadhoo,MV,2021-04-11 22:21:57,-0.6,73.0833,82.85,74,96,11.56,overcast clouds
369,Key Largo,US,2021-04-11 22:21:58,25.0865,-80.4473,80.01,68,90,36.82,light rain
370,Okhotsk,RU,2021-04-11 22:21:58,59.3833,143.3,18.82,78,100,14.0,light snow
371,Yangambi,CD,2021-04-11 22:21:58,0.8102,24.4336,67.53,94,98,1.43,overcast clouds
372,Husavik,IS,2021-04-11 22:17:00,66.0449,-17.3389,33.8,80,75,4.61,broken clouds
373,Calvinia,ZA,2021-04-11 22:21:59,-31.4707,19.776,72.45,31,70,2.01,broken clouds
374,High Level,CA,2021-04-11 22:21:59,58.5169,-117.136,30.2,40,40,10.36,light snow
375,Pangkalanbuun,ID,2021-04-11 22:21:59,-2.6833,111.6167,74.8,98,97,0.72,overcast clouds
376,Gurupa,BR,2021-04-11 22:21:59,-1.405,-51.64,75.74,93,53,3.18,moderate rain
377,Kloulklubed,PW,2021-04-11 22:22:00,7.0419,134.2556,73.4,100,90,6.91,overcast clouds
378,Kitob,UZ,2021-04-11 22:22:00,39.0843,66.8332,46.4,57,0,9.22,clear sky
379,Kiruna,SE,2021-04-11 22:22:00,67.8557,20.2251,21.2,79,80,10.36,broken clouds
380,Honiara,SB,2021-04-11 22:17:28,-9.4333,159.95,77.9,87,100,3.22,overcast clouds
381,Morristown,US,2021-04-11 22:21:48,36.214,-83.2949,69.01,32,1,13.8,clear sky
382,Majene,ID,2021-04-11 22:22:00,-3.5403,118.9707,77.76,83,91,0.98,overcast clouds
383,Palmer,US,2021-04-11 22:19:19,42.1584,-72.3287,50.0,71,90,10.36,light rain
384,Port Blair,IN,2021-04-11 22:22:01,11.6667,92.75,81.68,76,97,4.81,overcast clouds
385,Vila Velha,BR,2021-04-11 22:17:50,-20.3297,-40.2925,79.0,78,0,4.61,clear sky
386,Tarko-Sale,RU,2021-04-11 22:22:01,64.9225,77.785,33.78,98,100,19.8,overcast clouds
387,Champerico,GT,2021-04-11 22:22:02,14.3,-91.9167,91.4,66,20,9.22,few clouds
388,Urdoma,RU,2021-04-11 22:22:02,61.7533,48.5442,34.66,82,3,9.26,clear sky
389,Kavieng,PG,2021-04-11 22:22:01,-2.5744,150.7967,78.01,84,100,2.15,light rain
390,Akdagmadeni,TR,2021-04-11 22:22:02,39.6603,35.8836,30.36,98,100,1.5,light snow
391,Mayo,US,2021-04-11 22:22:03,38.8876,-76.5119,71.01,60,20,8.05,few clouds
392,Hasaki,JP,2021-04-11 22:22:03,35.7333,140.8333,54.0,76,20,4.61,few clouds
393,Ucluelet,CA,2021-04-11 22:17:05,48.9329,-125.5528,51.01,66,20,5.75,few clouds
394,Porto Novo,BJ,2021-04-11 22:22:03,6.4965,2.6036,86.0,66,20,8.05,few clouds
395,Meulaboh,ID,2021-04-11 22:22:04,4.1363,96.1285,77.29,86,96,3.49,overcast clouds
396,Sao Filipe,CV,2021-04-11 22:19:43,14.8961,-24.4956,75.65,67,0,10.74,clear sky
397,Yarim,YE,2021-04-11 22:21:17,14.298,44.3779,55.44,72,4,1.74,clear sky
398,Manjacaze,MZ,2021-04-11 22:22:04,-24.7117,33.8828,66.47,93,0,5.59,clear sky
399,Pierre,US,2021-04-11 22:22:04,44.3683,-100.351,48.2,61,75,13.8,broken clouds
400,Thanh Hoa,VN,2021-04-11 22:22:05,19.8,105.7667,72.27,96,61,2.17,broken clouds
401,Pombas,CV,2021-04-11 22:22:05,17.1503,-25.0201,71.6,78,20,16.11,few clouds
402,Masoko,TZ,2021-04-11 22:22:05,-9.3333,33.75,66.78,98,98,0.56,light rain
403,Artvin,TR,2021-04-11 22:22:05,41.1667,41.8333,44.6,93,90,6.91,overcast clouds
404,Vila Franca Do Campo,PT,2021-04-11 22:22:06,37.7167,-25.4333,62.6,94,75,9.22,broken clouds
405,Kallaste,EE,2021-04-11 22:22:06,58.655,27.1592,48.0,71,40,11.5,scattered clouds
406,Cervo,ES,2021-04-11 22:22:06,43.6702,-7.4101,51.01,66,4,5.01,clear sky
407,Broome,US,2021-04-11 22:22:06,42.2506,-75.833,57.99,100,90,11.5,mist
408,Saint George,US,2021-04-11 22:22:07,37.1041,-113.5841,82.99,7,1,14.97,clear sky
409,Cockburn Town,TC,2021-04-11 22:22:07,21.4612,-71.1419,78.8,61,40,11.5,scattered clouds
410,Sangar,RU,2021-04-11 22:22:07,63.9242,127.4739,-0.36,81,41,1.74,scattered clouds
411,Winnemucca,US,2021-04-11 22:22:07,40.973,-117.7357,53.6,17,1,5.75,clear sky
412,Barentu,ER,2021-04-11 22:20:25,15.1139,37.5928,73.89,38,31,4.65,scattered clouds
413,San Carlos De Bariloche,AR,2021-04-11 22:22:08,-41.1456,-71.3082,57.2,72,40,17.27,scattered clouds
414,Kandalaksha,RU,2021-04-11 22:22:08,67.162,32.4123,30.99,100,34,5.46,scattered clouds
415,Nelson Bay,AU,2021-04-11 22:22:08,-32.7167,152.15,57.99,54,20,10.36,few clouds
416,Shenjiamen,CN,2021-04-11 22:22:08,29.9576,122.298,60.4,97,100,16.42,light rain
417,Port Moresby,PG,2021-04-11 22:22:09,-9.4431,147.1797,78.8,83,20,5.75,haze
418,Srednekolymsk,RU,2021-04-11 22:22:09,67.45,153.6833,-11.99,93,95,2.93,overcast clouds
419,Cagliari,IT,2021-04-11 22:22:09,39.245,9.0912,61.0,88,40,11.5,light rain
420,Mahajanga,MG,2021-04-11 22:22:09,-15.7167,46.3167,75.2,94,40,2.3,scattered clouds
421,Vostok,RU,2021-04-11 22:22:10,46.4856,135.8833,42.96,74,100,8.48,moderate rain
422,Taltal,CL,2021-04-11 22:22:10,-25.4,-70.4833,65.79,75,44,5.28,scattered clouds
423,Sibenik,HR,2021-04-11 22:22:10,43.7272,15.9058,57.2,47,0,9.22,clear sky
424,Kazachinskoye,RU,2021-04-11 22:22:11,57.6953,93.2761,33.93,95,100,3.83,overcast clouds
425,Banes,CU,2021-04-11 22:22:11,20.9625,-75.7186,93.2,38,20,9.22,few clouds
426,Praia Da Vitoria,PT,2021-04-11 22:19:17,38.7333,-27.0667,62.6,88,40,9.44,scattered clouds
427,Victoria,HK,2021-04-11 22:17:14,22.2855,114.1577,73.0,86,95,9.13,overcast clouds
428,Faya,SA,2021-04-11 22:22:11,18.3851,42.4509,62.6,44,0,0.89,clear sky
429,Marawi,PH,2021-04-11 22:22:12,7.9986,124.2928,73.99,88,44,5.01,scattered clouds
430,Bubaque,GW,2021-04-11 22:22:12,11.2833,-15.8333,76.91,74,6,16.75,clear sky
431,Hwange,ZW,2021-04-11 22:22:12,-18.3693,26.5019,64.98,60,0,3.58,clear sky
432,Beloha,MG,2021-04-11 22:22:12,-25.1667,45.05,72.23,89,22,11.16,few clouds
433,Yinchuan,CN,2021-04-11 22:22:13,38.4681,106.2731,45.0,62,25,8.03,scattered clouds
434,Beroroha,MG,2021-04-11 22:22:13,-21.6667,45.1667,72.91,63,86,3.96,overcast clouds
435,Beira,MZ,2021-04-11 22:22:13,-19.8436,34.8389,77.0,83,40,9.22,scattered clouds
436,Samarinda,ID,2021-04-11 22:18:15,-0.5,117.15,72.36,98,50,0.94,scattered clouds
437,Petropavlovsk-Kamchatskiy,RU,2021-04-11 22:22:13,53.0452,158.6483,30.2,69,78,6.71,broken clouds
438,Solnechnyy,RU,2021-04-11 22:22:14,50.7214,136.6319,32.23,65,99,2.19,overcast clouds
439,Mtsensk,RU,2021-04-11 22:19:17,53.2766,36.5733,43.47,70,100,7.43,overcast clouds
440,General Roca,AR,2021-04-11 22:22:14,-39.0333,-67.5833,73.4,40,0,4.61,clear sky
441,Ipu,BR,2021-04-11 22:22:14,-4.3222,-40.7108,75.56,85,99,2.33,overcast clouds
442,Sibolga,ID,2021-04-11 22:22:15,1.7427,98.7792,75.97,88,100,2.15,overcast clouds
443,Harnosand,SE,2021-04-11 22:22:15,62.6323,17.9379,32.0,80,90,3.44,overcast clouds
444,Razole,IN,2021-04-11 22:22:15,16.4833,81.8333,75.0,86,0,1.97,clear sky
445,Atambua,ID,2021-04-11 22:22:15,-9.1061,124.8925,71.4,82,56,3.24,broken clouds
446,Codrington,AU,2021-04-11 22:22:16,-38.2667,141.9667,55.67,71,92,8.55,overcast clouds
447,Bonavista,CA,2021-04-11 22:22:16,48.6499,-53.1147,35.6,100,100,8.05,moderate rain
448,Kurkino,RU,2021-04-11 22:22:16,53.4257,38.6582,41.47,64,100,9.64,overcast clouds
449,Batemans Bay,AU,2021-04-11 22:22:17,-35.7167,150.1833,57.99,53,2,4.0,clear sky
450,Alofi,NU,2021-04-11 22:20:03,-19.0595,-169.9187,80.6,78,38,6.91,scattered clouds
451,La Palma,US,2021-04-11 22:22:17,33.8464,-118.0467,75.99,56,1,9.22,clear sky
452,Xihe,CN,2021-04-11 22:18:16,31.6864,113.4659,54.21,94,99,2.73,overcast clouds
453,Matagami,CA,2021-04-11 22:17:32,49.7502,-77.6328,68.0,40,1,9.22,clear sky
454,Mumford,GH,2021-04-11 22:22:17,5.2618,-0.759,81.81,84,100,8.43,overcast clouds
455,Manger,NO,2021-04-11 22:22:18,60.6414,5.0414,37.99,54,100,7.0,overcast clouds
456,Pamekasan,ID,2021-04-11 22:22:18,-7.1568,113.4746,77.7,85,26,3.02,scattered clouds
457,Den Helder,NL,2021-04-11 22:22:18,52.9599,4.7593,39.99,81,20,5.75,few clouds
458,Camana,PE,2021-04-11 22:22:18,-16.6228,-72.7111,69.31,77,81,7.25,broken clouds
459,Bundaberg,AU,2021-04-11 22:22:19,-24.85,152.35,68.0,42,0,10.36,clear sky
460,Neyyattinkara,IN,2021-04-11 22:22:19,8.4,77.0833,80.6,83,40,2.3,mist
461,Rosamorada,MX,2021-04-11 22:22:19,22.1222,-105.2058,92.46,25,57,11.36,broken clouds
462,Laviana,ES,2021-04-11 22:22:19,43.2333,-5.5333,46.0,79,91,2.57,overcast clouds
463,Arlit,NE,2021-04-11 22:18:03,18.7369,7.3853,86.27,7,0,12.08,clear sky
464,Medea,DZ,2021-04-11 22:19:04,36.2642,2.7539,57.2,94,20,3.44,few clouds
465,Kralendijk,BQ,2021-04-11 22:22:20,12.15,-68.2667,82.4,74,40,19.57,scattered clouds
466,Itatiaia,BR,2021-04-11 22:22:20,-22.4961,-44.5633,66.83,76,0,2.73,clear sky
467,Saint-Pierre,RE,2021-04-11 22:22:20,-21.3393,55.4781,77.0,73,0,4.61,clear sky
468,Beringovskiy,RU,2021-04-11 22:22:21,63.05,179.3167,2.39,93,100,25.32,snow
469,La Ronge,CA,2021-04-11 22:22:21,55.1001,-105.2842,35.6,55,100,6.91,overcast clouds
470,Trelew,AR,2021-04-11 22:22:21,-43.249,-65.3051,70.43,39,0,7.99,clear sky
471,Aripuana,BR,2021-04-11 22:22:22,-9.1667,-60.6333,74.86,94,81,1.83,heavy intensity rain
472,Bharatpur,IN,2021-04-11 22:22:22,27.2167,77.4833,80.31,8,0,2.1,clear sky
473,Novikovo,RU,2021-04-11 22:22:22,51.1537,37.8879,46.62,65,99,12.77,overcast clouds
474,Isangel,VU,2021-04-11 22:22:22,-19.55,169.2667,82.4,89,75,5.75,broken clouds
475,San Rafael Del Sur,NI,2021-04-11 22:22:23,11.8485,-86.4384,98.6,36,20,6.91,few clouds
476,Aguimes,ES,2021-04-11 22:22:23,27.9054,-15.4461,68.0,77,20,16.11,few clouds
477,Novomichurinsk,RU,2021-04-11 22:22:23,54.0384,39.7479,41.0,48,100,8.75,overcast clouds
478,Abu Kamal,SY,2021-04-11 22:22:23,34.4506,40.9171,58.98,32,17,4.79,few clouds
479,Umm Lajj,SA,2021-04-11 22:22:24,25.0213,37.2685,69.66,51,0,12.95,clear sky
480,Maldonado,UY,2021-04-11 22:20:26,-34.6667,-54.9167,66.2,68,75,18.41,broken clouds
481,Talaya,RU,2021-04-11 22:22:24,61.3833,152.75,-6.61,92,100,5.08,overcast clouds
482,Rio Grande,BR,2021-04-11 22:22:24,-32.035,-52.0986,66.99,85,86,5.99,overcast clouds
483,Belmonte,BR,2021-04-11 22:22:25,-15.8631,-38.8828,77.0,78,20,5.75,few clouds
484,Emba,KZ,2021-04-11 22:18:17,48.8264,58.1442,43.05,66,0,9.48,clear sky
485,Ostrovnoy,RU,2021-04-11 22:22:25,68.0531,39.5131,32.04,80,79,27.56,broken clouds
486,Trhove Sviny,CZ,2021-04-11 22:22:25,48.8423,14.6392,51.01,62,66,4.16,broken clouds
487,Lamas,PE,2021-04-11 22:22:26,-6.4167,-76.5333,89.6,55,40,4.61,scattered clouds
488,Anori,BR,2021-04-11 22:22:26,-3.7728,-61.6442,76.12,93,95,4.29,moderate rain
489,Launceston,AU,2021-04-11 22:22:26,-41.45,147.1667,46.4,71,90,2.3,overcast clouds
490,Bougouni,ML,2021-04-11 22:22:26,11.417,-7.479,94.21,15,63,4.5,broken clouds
491,Yenagoa,NG,2021-04-11 22:22:27,4.9247,6.2642,77.76,86,82,4.07,broken clouds
492,Laela,TZ,2021-04-11 22:22:27,-8.5667,32.05,58.46,98,99,3.44,light rain
493,Maniitsoq,GL,2021-04-11 22:22:27,65.4167,-52.9,31.53,76,18,3.58,few clouds
494,Dingtao,CN,2021-04-11 22:22:27,35.0683,115.5625,55.27,73,100,1.39,overcast clouds
495,Berlevag,NO,2021-04-11 22:22:28,70.8578,29.0864,33.8,80,40,28.77,scattered clouds
496,Vyselki,RU,2021-04-11 22:22:28,45.5794,39.6597,48.0,81,100,0.85,overcast clouds
497,Namwala,ZM,2021-04-11 22:22:28,-15.7504,26.4384,59.34,75,0,4.5,clear sky
498,Ponta Delgada,PT,2021-04-11 22:22:28,37.7333,-25.6667,62.6,94,75,9.22,broken clouds
499,Moose Factory,CA,2021-04-11 22:22:29,51.2585,-80.6094,39.2,87,90,12.66,overcast clouds
500,San Agustin,MX,2021-04-11 22:22:29,20.5333,-103.4667,93.0,8,40,14.97,scattered clouds
501,Aden,YE,2021-04-11 22:19:13,12.7794,45.0367,80.8,79,4,19.17,clear sky
502,Goundi,TD,2021-04-11 22:22:29,9.3627,17.366,88.81,9,25,5.21,scattered clouds
503,Kaka,TM,2021-04-11 22:22:30,37.3482,59.6143,63.84,24,80,6.67,broken clouds
504,Eureka,US,2021-04-11 22:22:30,40.8021,-124.1637,62.01,59,0,8.99,clear sky
505,Thinadhoo,MV,2021-04-11 22:22:30,0.5333,72.9333,82.69,69,61,10.56,broken clouds
506,Port Hardy,CA,2021-04-11 22:20:00,50.6996,-127.4199,46.4,49,20,18.41,few clouds
507,Goderich,CA,2021-04-11 22:22:30,43.7501,-81.7165,60.8,59,91,4.61,overcast clouds
508,Itarema,BR,2021-04-11 22:22:31,-2.9248,-39.9167,79.84,80,100,11.07,overcast clouds
509,Raudeberg,NO,2021-04-11 22:22:31,61.9875,5.1352,37.99,79,33,14.63,scattered clouds
510,Seoul,KR,2021-04-11 22:18:12,37.5683,126.9778,57.2,51,0,4.61,clear sky
511,Nyzhnya Duvanka,UA,2021-04-11 22:22:31,49.5846,38.1743,48.22,81,100,11.1,overcast clouds
512,Puruaran,MX,2021-04-11 22:22:32,19.1,-101.5333,82.4,28,1,11.5,clear sky
513,Zhezkazgan,KZ,2021-04-11 22:22:32,47.8043,67.7144,41.94,63,0,16.78,clear sky
514,Sayat,TM,2021-04-11 22:22:32,38.7839,63.8803,53.6,43,0,13.8,clear sky
515,Waipawa,NZ,2021-04-11 22:22:32,-41.4122,175.5153,66.2,77,45,18.41,scattered clouds
516,Luchegorsk,RU,2021-04-11 22:22:33,46.4764,134.2569,47.91,72,100,9.06,overcast clouds
517,Yulara,AU,2021-04-11 22:22:33,-25.2406,130.9889,57.2,54,7,9.22,clear sky
518,Watertown,US,2021-04-11 22:22:33,42.3709,-71.1828,46.99,76,75,12.66,broken clouds
519,Lusambo,CD,2021-04-11 22:22:34,-4.9667,23.45,69.57,99,100,0.51,overcast clouds
520,Biak,ID,2021-04-11 22:22:34,-0.9131,122.8766,76.75,81,96,1.57,overcast clouds
521,Klaksvik,FO,2021-04-11 22:22:26,62.2266,-6.589,30.2,74,40,1.14,scattered clouds
522,Kosh-Agach,RU,2021-04-11 22:22:34,50.0,88.6667,15.93,50,18,4.43,few clouds
523,Morant Bay,JM,2021-04-11 22:19:30,17.8815,-76.4093,82.99,78,20,19.57,few clouds
524,Rocha,UY,2021-04-11 22:20:26,-34.4833,-54.3333,63.12,74,99,19.57,overcast clouds
525,Pula,HR,2021-04-11 22:22:34,44.8683,13.8481,55.4,88,90,9.22,overcast clouds
526,Quimper,FR,2021-04-11 22:22:35,48.0,-4.1,39.2,70,0,4.61,clear sky
527,Bosaso,SO,2021-04-11 22:22:35,11.2842,49.1816,80.53,58,73,10.25,broken clouds
528,Hambantota,LK,2021-04-11 22:22:35,6.1241,81.1185,77.97,82,93,2.3,overcast clouds
529,Mnogovershinnyy,RU,2021-04-11 22:22:36,53.9353,139.9242,18.54,79,68,8.1,broken clouds
530,Namie,JP,2021-04-11 22:19:04,37.4833,141.0,48.99,78,7,4.41,clear sky
531,Muravlenko,RU,2021-04-11 22:22:36,63.7898,74.523,33.55,88,100,16.22,overcast clouds
532,Nivala,FI,2021-04-11 22:22:36,63.9167,24.9667,30.0,72,58,3.89,broken clouds
533,Kati,ML,2021-04-11 22:22:37,12.7441,-8.0726,91.4,19,0,4.61,clear sky
534,Yerbogachen,RU,2021-04-11 22:22:37,61.2767,108.0108,3.96,99,71,2.46,broken clouds
535,Shahpur Chakar,PK,2021-04-11 22:22:37,26.155,68.6509,73.4,60,0,8.37,haze
536,Changying,CN,2021-04-11 22:22:37,52.8733,123.3213,15.71,78,100,5.93,overcast clouds
537,Bonthe,SL,2021-04-11 22:22:38,7.5264,-12.505,80.98,85,10,7.38,clear sky
538,Povenets,RU,2021-04-11 22:20:09,62.8487,34.8262,30.02,92,65,5.19,broken clouds
539,Dwarka,IN,2021-04-11 22:22:38,22.2394,68.9678,78.76,71,0,12.41,clear sky
540,Chippewa Falls,US,2021-04-11 22:22:38,44.9369,-91.3929,48.99,87,90,10.36,overcast clouds
541,Rawson,AR,2021-04-11 22:22:39,-43.3002,-65.1023,69.69,43,0,8.59,clear sky
542,Rognan,NO,2021-04-11 22:22:39,67.0953,15.3878,35.01,92,100,7.27,light snow
543,Carbonia,IT,2021-04-11 22:22:39,39.1672,8.5222,61.0,77,40,8.05,scattered clouds
544,Amapa,BR,2021-04-11 22:22:39,1.0,-52.0,73.56,97,99,2.64,overcast clouds
545,Yaan,NG,2021-04-11 22:22:40,7.3833,8.5667,78.96,63,100,6.55,overcast clouds
546,Cap-Aux-Meules,CA,2021-04-11 22:22:33,47.3821,-61.8597,41.0,87,100,16.11,overcast clouds
547,Lasa,IT,2021-04-11 22:22:40,46.6166,10.7002,48.0,100,90,6.91,mist
548,Viedma,AR,2021-04-11 22:22:40,-40.8135,-62.9967,62.4,41,1,2.19,clear sky
549,Lata,PT,2021-04-11 22:22:41,40.1629,-8.3327,55.0,89,18,1.43,few clouds
550,Saint Anthony,US,2021-04-11 22:22:25,45.0205,-93.218,55.4,62,90,11.5,overcast clouds
551,Paamiut,GL,2021-04-11 22:22:41,61.994,-49.6678,34.25,78,6,3.71,clear sky
552,Nieuw Amsterdam,SR,2021-04-11 22:22:41,5.8833,-55.0833,84.2,70,40,2.3,scattered clouds
553,Kyabe,TD,2021-04-11 22:22:41,9.4515,18.9449,87.44,8,86,4.32,overcast clouds
554,Shelburne,CA,2021-04-11 22:22:02,44.0787,-80.2041,60.01,74,90,8.57,overcast clouds
555,Svirstroy,RU,2021-04-11 22:22:42,60.7999,33.7248,30.81,89,60,3.47,broken clouds
556,Mandan,US,2021-04-11 22:22:42,46.8267,-100.8896,44.6,100,75,29.93,light rain
557,Zhanakorgan,KZ,2021-04-11 22:22:42,43.9098,67.2495,48.76,78,97,5.46,overcast clouds
558,Northam,GB,2021-04-11 22:22:43,51.0333,-4.2167,42.01,72,5,7.0,clear sky
559,Morgan City,US,2021-04-11 22:22:43,29.6994,-91.2068,81.0,36,1,8.05,clear sky
560,Tupik,RU,2021-04-11 22:22:43,54.4253,119.9327,1.71,94,77,2.73,broken clouds
561,Japura,ID,2021-04-11 22:22:02,-0.3167,102.35,72.41,99,80,2.08,light rain
562,Caceres,ES,2021-04-11 22:22:43,39.522,-6.3748,57.0,81,50,1.01,scattered clouds
563,Lerwick,GB,2021-04-11 22:22:44,60.1545,-1.1494,35.6,75,63,9.22,broken clouds
564,Vuktyl,RU,2021-04-11 22:22:44,63.8567,57.3094,33.85,80,8,12.53,clear sky
565,Port Hedland,AU,2021-04-11 22:19:02,-20.3167,118.5667,78.8,89,93,10.29,overcast clouds
566,Forest Hills,US,2021-04-11 22:22:44,42.9595,-85.4898,59.0,55,75,5.75,broken clouds
567,Zhuhai,CN,2021-04-11 22:22:45,22.2769,113.5678,73.4,83,40,3.44,scattered clouds
568,Cukai,MY,2021-04-11 22:22:45,4.25,103.4167,77.0,100,62,1.14,broken clouds
569,Koratla,IN,2021-04-11 22:22:45,18.8167,78.7167,81.3,49,48,4.21,scattered clouds
570,Nemuro,JP,2021-04-11 22:18:17,43.3236,145.575,37.92,82,3,10.56,clear sky
571,Hamilton,US,2021-04-11 22:22:45,39.1834,-84.5333,53.6,76,90,16.11,overcast clouds
572,Tres Arroyos,AR,2021-04-11 22:18:44,-38.3739,-60.2798,59.63,56,0,5.59,clear sky
573,Nsanje,MW,2021-04-11 22:22:46,-16.92,35.262,70.5,92,86,2.04,overcast clouds
574,Mokhsogollokh,RU,2021-04-11 22:22:46,61.4681,128.9203,11.3,93,100,6.17,overcast clouds
575,Omsukchan,RU,2021-04-11 22:22:46,62.5333,155.8,-8.16,95,100,6.53,overcast clouds
576,Verona,IT,2021-04-11 22:22:33,45.4167,11.0333,50.0,100,75,3.44,broken clouds
577,Carauari,BR,2021-04-11 22:20:12,-4.8828,-66.8958,77.72,91,99,1.79,overcast clouds
578,Sorong,ID,2021-04-11 22:22:47,-0.8833,131.25,79.34,82,83,4.09,broken clouds
579,Utinga,BR,2021-04-11 22:22:47,-5.8172,-35.3954,80.6,89,75,6.91,light rain
580,Mitu,CO,2021-04-11 22:22:47,1.1983,-70.1733,76.84,93,94,1.88,light rain
581,Tuy Hoa,VN,2021-04-11 22:20:02,13.0833,109.3,74.5,91,16,3.2,few clouds
582,Bani,DO,2021-04-11 22:22:48,18.2833,-70.3333,80.01,66,26,3.0,scattered clouds
583,Kamareddi,IN,2021-04-11 22:22:48,18.3167,78.35,78.06,51,40,5.55,scattered clouds
584,Vanimo,PG,2021-04-11 22:22:48,-2.6741,141.3028,78.46,87,100,4.21,light rain
585,Tigil,RU,2021-04-11 22:22:49,57.8,158.6667,12.07,89,100,4.54,overcast clouds
586,Mindelo,CV,2021-04-11 22:22:49,16.8901,-24.9804,71.6,78,20,16.11,few clouds
587,Kenai,US,2021-04-11 22:22:49,60.5544,-151.2583,26.6,58,90,18.41,overcast clouds
588,Urumqi,CN,2021-04-11 22:22:49,43.801,87.6005,46.4,27,0,4.47,clear sky
589,Pimenta Bueno,BR,2021-04-11 22:22:50,-11.6725,-61.1936,75.87,91,99,1.77,overcast clouds
590,Thohoyandou,ZA,2021-04-11 22:22:50,-22.9456,30.485,64.83,63,0,2.01,clear sky
591,Tura,IN,2021-04-11 22:22:50,25.5198,90.2201,74.88,53,81,5.14,broken clouds
592,Huarmey,PE,2021-04-11 22:22:51,-10.0681,-78.1522,72.36,78,98,8.97,overcast clouds
593,Batagay,RU,2021-04-11 22:22:51,67.6333,134.6333,-8.9,99,81,1.43,broken clouds
594,West Helena,US,2021-04-11 22:22:51,34.5507,-90.6418,73.4,38,0,10.36,clear sky
595,Kamyshin,RU,2021-04-11 22:22:51,50.0983,45.416,54.25,77,97,6.98,overcast clouds
596,Iacu,BR,2021-04-11 22:22:52,-12.7672,-40.2117,75.36,75,91,7.83,overcast clouds
597,Ketchikan,US,2021-04-11 22:22:52,55.3422,-131.6461,42.8,56,90,5.75,overcast clouds
598,Polewali,ID,2021-04-11 22:22:52,-3.4324,119.3435,75.69,82,96,3.27,overcast clouds
599,De-Kastri,RU,2021-04-11 22:22:52,51.4667,140.7833,32.61,64,99,3.49,overcast clouds
600,Miles City,US,2021-04-11 22:22:53,46.4083,-105.8406,37.4,52,90,25.32,overcast clouds
601,Kokopo,PG,2021-04-11 22:22:53,-4.352,152.2633,78.15,85,100,4.61,light rain
602,Katangli,RU,2021-04-11 22:22:53,51.7102,143.2326,29.7,89,100,6.64,overcast clouds
603,Ngaoundere,CM,2021-04-11 22:22:54,7.3167,13.5833,73.17,61,99,8.93,overcast clouds
604,Superior,US,2021-04-11 22:22:54,46.7208,-92.1041,46.4,93,90,6.91,moderate rain
605,Acapulco,MX,2021-04-11 22:22:34,16.8634,-99.8901,84.2,65,20,11.5,few clouds
606,Marsa Matruh,EG,2021-04-11 22:22:54,31.3525,27.2453,57.2,54,0,6.91,clear sky
607,Teknaf,BD,2021-04-11 22:22:55,20.8624,92.3058,76.46,88,8,1.9,clear sky
608,Verkhoyansk,RU,2021-04-11 22:22:55,67.5447,133.385,-10.77,99,96,2.82,overcast clouds
609,Sri Aman,MY,2021-04-11 22:22:55,1.2376,111.4621,73.4,94,100,3.44,light rain
610,Kuznechnoye,RU,2021-04-11 22:22:55,61.12,29.8686,39.99,73,100,3.76,light rain
611,Sarangani,PH,2021-04-11 22:22:56,5.4033,125.4636,82.11,71,100,2.39,overcast clouds
612,Tokur,RU,2021-04-11 22:22:56,53.1333,132.9,11.48,69,99,0.78,overcast clouds
613,Teya,RU,2021-04-11 22:22:56,60.3778,92.6267,15.57,97,98,3.27,overcast clouds
614,Iquitos,PE,2021-04-11 22:22:57,-3.7481,-73.2472,86.0,70,40,4.61,scattered clouds
615,Tooele,US,2021-04-11 22:22:57,40.5308,-112.2983,51.01,40,1,10.36,clear sky
616,Wanaka,NZ,2021-04-11 22:22:57,-44.7,169.15,56.19,79,71,3.53,light rain
617,Chernushka,RU,2021-04-11 22:22:57,56.5072,56.0766,40.57,99,100,2.68,light rain
618,Rychnov Nad Kneznou,CZ,2021-04-11 22:22:58,50.1628,16.2749,51.01,61,36,14.0,scattered clouds
619,Riachao,BR,2021-04-11 22:22:58,-7.3619,-46.6172,77.13,70,77,2.66,broken clouds
620,Ust-Kuyga,RU,2021-04-11 22:22:58,70.0167,135.6,-8.86,95,71,7.7,broken clouds
621,Kulhudhuffushi,MV,2021-04-11 22:22:59,6.6221,73.07,82.67,68,9,1.43,clear sky
622,Ayagoz,KZ,2021-04-11 22:22:59,47.9714,80.4392,37.2,49,0,10.71,clear sky
623,Maxixe,MZ,2021-04-11 22:20:59,-23.8597,35.3472,71.46,85,0,6.2,clear sky
624,Strezhevoy,RU,2021-04-11 22:22:59,60.7333,77.5889,39.2,87,90,8.95,light rain
625,Mikhaylovsk,RU,2021-04-11 22:22:59,45.1283,42.0256,42.8,93,75,4.47,broken clouds
626,Aykhal,RU,2021-04-11 22:19:44,66.0,111.5,-4.88,100,80,5.48,broken clouds
627,Alexandria,EG,2021-04-11 22:23:00,31.2156,29.9553,59.0,55,20,9.22,few clouds
628,Gazanjyk,TM,2021-04-11 22:23:00,39.2446,55.5154,69.28,24,97,16.87,overcast clouds
629,Pringsewu,ID,2021-04-11 22:23:00,-5.3582,104.9744,72.48,97,82,2.46,broken clouds
630,Luorong,CN,2021-04-11 22:23:01,24.4058,109.6086,69.51,91,99,0.83,overcast clouds
631,Aqtobe,KZ,2021-04-11 22:23:01,50.2797,57.2072,37.4,81,0,2.24,clear sky
632,Sola,VU,2021-04-11 22:23:01,-13.8833,167.55,84.2,100,99,2.3,overcast clouds
633,Puksoozero,RU,2021-04-11 22:20:08,62.5903,40.6066,33.35,87,22,9.28,few clouds
634,Cabo San Lucas,MX,2021-04-11 22:23:02,22.8909,-109.9124,86.0,36,40,14.97,scattered clouds
635,Sidhpura,IN,2021-04-11 22:23:02,27.6333,78.8833,79.66,9,0,6.51,clear sky
636,Khandyga,RU,2021-04-11 22:23:02,62.6667,135.6,14.31,92,100,2.48,overcast clouds
637,Rezh,RU,2021-04-11 22:23:02,57.37,61.4043,46.36,94,100,6.33,overcast clouds
638,Altamont,US,2021-04-11 22:23:03,42.2068,-121.7372,59.0,26,1,6.15,clear sky
639,Tarancon,ES,2021-04-11 22:23:03,40.0085,-3.0073,46.99,70,83,32.99,broken clouds
640,Asau,RO,2021-04-11 22:23:03,46.4333,26.4,41.0,45,1,3.47,light rain
641,Mattru,SL,2021-04-11 22:23:03,7.6244,-11.8332,78.76,87,47,3.65,light rain
642,Santa Rosa,PH,2021-04-11 22:23:04,14.3122,121.1114,79.0,78,40,4.61,scattered clouds
643,Marzuq,YE,2021-04-11 22:23:04,14.4,46.4667,66.27,53,3,6.51,clear sky
644,Riyadh,SA,2021-04-11 22:22:35,24.6877,46.7219,84.2,15,40,8.05,scattered clouds
645,Ixtapa,MX,2021-04-11 22:23:04,20.7,-105.2,80.6,69,1,12.66,clear sky
646,Belaya Gora,RU,2021-04-11 22:22:31,68.5333,146.4167,-10.57,97,97,5.01,overcast clouds
647,Santa Barbara,US,2021-04-11 22:23:05,34.7333,-120.0343,71.01,46,1,12.66,clear sky
648,Stornoway,GB,2021-04-11 22:23:05,58.2093,-6.3865,30.99,86,22,3.44,few clouds
649,Vardo,NO,2021-04-11 22:23:05,70.3705,31.1107,33.8,75,75,28.77,broken clouds
650,Starodub,RU,2021-04-11 22:23:06,52.5844,32.7633,43.81,69,0,6.42,clear sky
651,Hatta,IN,2021-04-11 22:23:06,24.1167,79.6,80.04,35,44,2.66,scattered clouds
652,Lumut,MY,2021-04-11 22:23:06,4.2323,100.6298,77.0,88,20,3.36,few clouds
653,Sainte-Anne-Des-Monts,CA,2021-04-11 22:23:06,49.124,-66.4924,37.4,93,100,2.3,overcast clouds
654,Kyzyl-Suu,KG,2021-04-11 22:23:07,42.3414,78.0056,42.62,41,0,8.77,clear sky
655,Sterling,US,2021-04-11 22:21:14,39.0062,-77.4286,75.0,43,90,4.61,overcast clouds
656,Imeni Zhelyabova,RU,2021-04-11 22:21:08,58.9544,36.5956,39.4,97,93,3.44,overcast clouds
657,Apollonia,GR,2021-04-11 22:23:07,36.9716,24.7231,55.0,66,0,8.05,clear sky
658,Ewa Beach,US,2021-04-11 22:19:46,21.3156,-158.0072,69.8,73,90,4.61,heavy intensity rain
659,Tshikapa,CD,2021-04-11 22:23:07,-6.4167,20.8,70.32,98,100,5.19,moderate rain
660,Kimbe,PG,2021-04-11 22:21:10,-5.5502,150.1429,78.17,86,100,3.89,overcast clouds
661,Illapel,CL,2021-04-11 22:23:08,-31.6308,-71.1653,75.43,28,0,5.26,clear sky
662,Formosa,AR,2021-04-11 22:19:24,-26.1775,-58.1781,66.2,82,75,9.22,broken clouds
663,Baherden,TM,2021-04-11 22:23:08,38.4362,57.4316,66.74,22,67,10.25,broken clouds
664,Vincennes,FR,2021-04-11 22:23:08,48.85,2.4333,41.0,70,0,3.44,clear sky
665,Verdun,FR,2021-04-11 22:23:09,49.25,5.3333,39.0,94,100,1.01,overcast clouds
666,Irbeyskoye,RU,2021-04-11 22:23:09,55.6428,95.4522,30.51,88,100,9.8,overcast clouds
667,Portales,US,2021-04-11 22:23:09,34.1862,-103.3344,84.0,4,1,12.66,clear sky
668,Veinticinco De Mayo,AR,2021-04-11 22:23:09,-35.4323,-60.1727,63.0,63,0,5.37,clear sky
669,Qaqortoq,GL,2021-04-11 22:23:10,60.7167,-46.0333,48.2,29,0,13.8,clear sky
670,Noyabrsk,RU,2021-04-11 22:23:10,63.1994,75.4507,34.09,97,100,15.12,overcast clouds
671,Mega,ET,2021-04-11 22:23:10,4.05,38.3,60.35,81,85,8.12,overcast clouds
672,Bo Rai,TH,2021-04-11 22:23:10,12.5728,102.5371,77.0,99,98,2.53,overcast clouds
673,Pak Phanang,TH,2021-04-11 22:23:11,8.3511,100.202,80.78,77,31,6.13,scattered clouds
674,Zaozerne,UA,2021-04-11 22:23:11,45.1582,33.2787,45.0,69,100,10.36,overcast clouds
675,Jiangyou,CN,2021-04-11 22:23:11,31.7667,104.7167,52.07,90,96,2.57,light rain
676,Lidkoping,SE,2021-04-11 22:23:11,58.5052,13.1577,33.8,100,90,10.36,light snow
677,Kutum,SD,2021-04-11 22:22:45,14.2,24.6667,70.68,14,14,13.78,few clouds
678,Kijang,KR,2021-04-11 22:23:12,35.2442,129.2139,53.6,71,0,3.44,clear sky
679,Asosa,ET,2021-04-11 22:23:12,10.0667,34.5333,77.9,28,98,1.36,overcast clouds
680,Jiutai,CN,2021-04-11 22:23:13,44.1525,125.8328,51.8,37,0,8.95,clear sky
681,Whitehorse,CA,2021-04-11 22:23:13,60.7161,-135.0538,28.99,42,1,13.8,clear sky
682,Vao,NC,2021-04-11 22:23:13,-22.6667,167.4833,75.99,78,46,6.26,scattered clouds
683,Qobustan,AZ,2021-04-11 22:23:13,40.0824,49.412,53.6,76,0,4.61,clear sky
684,Carballo,ES,2021-04-11 22:23:14,43.213,-8.691,48.0,67,2,5.99,clear sky
685,Acari,PE,2021-04-11 22:23:14,-15.4311,-74.6158,75.24,67,76,6.22,broken clouds
686,Naantali,FI,2021-04-11 22:23:14,60.4674,22.0243,43.0,52,90,12.66,light rain
687,Vila,PT,2021-04-11 22:23:14,42.0304,-8.1588,44.01,80,1,8.99,clear sky
688,Tessalit,ML,2021-04-11 22:23:15,20.1986,1.0114,86.99,10,2,6.76,clear sky
689,Elban,RU,2021-04-11 22:23:15,50.1018,136.5094,36.23,55,100,5.86,overcast clouds
690,Girne,CY,2021-04-11 22:23:15,35.3417,33.3167,44.6,81,40,9.22,scattered clouds
691,Cabinda,AO,2021-04-11 22:23:15,-5.55,12.2,77.92,85,96,3.02,light rain
692,Arawa,PG,2021-04-11 22:23:16,-6.2132,155.5367,83.03,69,93,0.22,overcast clouds
693,Anapskaya,RU,2021-04-11 22:23:16,44.89,37.38,46.4,87,100,6.71,overcast clouds
694,Pilar,BR,2021-04-11 22:23:16,-9.5972,-35.9567,71.6,100,75,6.91,broken clouds
695,Constitucion,CL,2021-04-11 22:23:17,-35.3333,-72.4167,64.09,66,0,15.28,clear sky
